{"stats":{"minecraft:picked_up":{"minecraft:bone":1,"minecraft:arrow":1,"minecraft:rotten_flesh":4,"minecraft:dirt":3},"minecraft:killed_by":{"minecraft:zombie":1,"minecraft:player":1},"minecraft:mined":{"minecraft:grass":3,"minecraft:grass_block":3,"minecraft:oak_stairs":1,"minecraft:composter":1},"minecraft:custom":{"minecraft:time_since_rest":4580,"minecraft:open_chest":9,"minecraft:damage_taken":834,"minecraft:interact_with_furnace":2,"minecraft:crouch_one_cm":471,"minecraft:play_time":32185,"minecraft:sprint_one_cm":8382,"minecraft:walk_one_cm":211605,"minecraft:deaths":3,"minecraft:sneak_time":341,"minecraft:walk_under_water_one_cm":1373,"minecraft:interact_with_anvil":1,"minecraft:jump":325,"minecraft:damage_dealt":84,"minecraft:leave_game":6,"minecraft:walk_on_water_one_cm":4905,"minecraft:time_since_death":4477,"minecraft:sleep_in_bed":1,"minecraft:total_world_time":32185,"minecraft:fall_one_cm":2211,"minecraft:fly_one_cm":60349},"minecraft:used":{"minecraft:rotten_flesh":3,"minecraft:dirt":1,"minecraft:melon_slice":2}},"DataVersion":3337}