{"stats":{"minecraft:picked_up":{"minecraft:birch_log":5,"minecraft:bone":6,"minecraft:arrow":5,"minecraft:rotten_flesh":1,"minecraft:composter":2,"minecraft:wooden_pickaxe":1,"minecraft:oak_stairs":2,"minecraft:oak_log":4,"minecraft:oak_planks":7},"minecraft:killed_by":{"minecraft:player":1},"minecraft:mined":{"minecraft:grass":5,"minecraft:oak_log":4,"minecraft:birch_log":5,"minecraft:oak_planks":1},"minecraft:custom":{"minecraft:open_chest":1,"minecraft:time_since_rest":4601,"minecraft:crouch_one_cm":203,"minecraft:damage_taken":433,"minecraft:walk_one_cm":101790,"minecraft:play_time":17256,"minecraft:deaths":1,"minecraft:sneak_time":126,"minecraft:walk_under_water_one_cm":7833,"minecraft:jump":109,"minecraft:damage_dealt":125,"minecraft:leave_game":2,"minecraft:walk_on_water_one_cm":5506,"minecraft:time_since_death":6989,"minecraft:sleep_in_bed":1,"minecraft:total_world_time":17256,"minecraft:interact_with_crafting_table":5,"minecraft:fall_one_cm":1225,"minecraft:fly_one_cm":1838},"minecraft:crafted":{"minecraft:wooden_sword":2,"minecraft:oak_planks":12,"minecraft:birch_planks":20,"minecraft:stick":12,"minecraft:wooden_pickaxe":2,"minecraft:wooden_axe":1},"minecraft:used":{"minecraft:oak_log":1,"minecraft:wooden_sword":8,"minecraft:rotten_flesh":1}},"DataVersion":3337}